id,conversation_id,created_at,date,time,timezone,user_id,username,name,place,tweet,language,mentions,urls,photos,replies_count,retweets_count,likes_count,hashtags,cashtags,link,retweet,quote_url,video,thumbnail,near,geo,source,user_rt_id,user_rt,retweet_id,reply_to,retweet_date,translate,trans_src,trans_dest
1278478462098067457,1278478462098067457,2020-07-01 19:59:53 EDT,2020-07-01,19:59:53,-0500,1090905167652884480,thatkidants,Michael Scott âœ¨,,"to the person who stole my Microsoft office, I will find you. you have my Word ğŸ˜­ğŸ˜‚",en,[],[],[],6,6,60,[],[],https://twitter.com/thatkidants/status/1278478462098067457,False,,0,,,,,,,,[],,,,
1278478453122228228,1278478453122228228,2020-07-01 19:59:50 EDT,2020-07-01,19:59:50,-0500,972923935053492225,codewithfeeling,Code With Feeling,,How is VS Code so good when almost all other Microsoft products suck the hole of a goat?,en,[],[],[],0,0,0,[],[],https://twitter.com/codewithfeeling/status/1278478453122228228,False,,0,,,,,,,,[],,,,
1278478447518593026,1278478447518593026,2020-07-01 19:59:49 EDT,2020-07-01,19:59:49,-0500,1128811870230581248,_gibrael,Gabriel,,"Microsoft Teams Ã© simplesmente pÃ©ssimo! A ideia do teams Ã© genial, mas ele Ã© implementado de forma ridÃ­cula. Gerenciar turmas por ele Ã© horrÃ­vel, trava constantemente. ExperiÃªncia do usuÃ¡rio horrÃ­vel, layout confuso e pouco intuitivo, tanto jÃ¡ versÃ£o web quanto na mobile",pt,[],[],[],1,1,6,[],[],https://twitter.com/_gibrael/status/1278478447518593026,False,,0,,,,,,,,[],,,,
1278478419748106241,1278478419748106241,2020-07-01 19:59:42 EDT,2020-07-01,19:59:42,-0500,824639391838543872,tendenciastech,TendenciasTech,,#TecnologÃ­a - La Microsoft Store sugiere que habrÃ¡ compras dentro del juego #Noticias #TendenciasTech  https://t.co/yXB8CJEAVp  https://t.co/NUkKSqrxPC,es,[],['https://tendencias.tech/la-microsoft-store-sugiere-que-habra-compras-dentro-del-juego/'],['https://pbs.twimg.com/media/Eb4RWJBX0AIecV-.jpg'],0,0,0,"['tecnologÃ­a', 'noticias', 'tendenciastech']",[],https://twitter.com/TendenciasTech/status/1278478419748106241,False,,1,https://pbs.twimg.com/media/Eb4RWJBX0AIecV-.jpg,,,,,,,[],,,,
1278478414689648640,1278478414689648640,2020-07-01 19:59:41 EDT,2020-07-01,19:59:41,-0500,272034153,taku888infinity,ã«ã‚ƒã‚“â˜†ãŸã,,ã€ã‚»ã‚­ãƒ¥ãƒªãƒ†ã‚£ ãƒ‹ãƒ¥ãƒ¼ã‚¹ã€‘ã€ŒMicrosoft Windows Codecs Libraryã€ã«è¤‡æ•°è„†å¼±æ€§ - å®šä¾‹å¤–ã§æ›´æ–°ï¼ˆ1ãƒšãƒ¼ã‚¸ç›® / å…¨1ãƒšãƒ¼ã‚¸ï¼‰ï¼šSecurity NEXT  https://t.co/bsbg4IEiqP,ja,[],['http://www.security-next.com/116210'],[],0,0,2,[],[],https://twitter.com/taku888infinity/status/1278478414689648640,False,,0,,,,,,,,[],,,,
1278478388282503175,1278478388282503175,2020-07-01 19:59:35 EDT,2020-07-01,19:59:35,-0500,3386182493,netsyder,Bersayder MejÃ­a,,Productive quarantine! ğŸ’ªğŸ¼ğŸ˜  Verify my achievement on #acclaim   ğŸ‘‰ğŸ¼  https://t.co/hNxIgXeaJw  #Azure #Microsoft # Cloud @ Santo Domingo Este  https://t.co/wxTUUMYezx,en,[],"['https://cutt.ly/8oigNkK', 'https://www.instagram.com/p/CCHmhYQFNI7/?igshid=1ul0jf0mpygxh']",[],0,0,0,"['acclaim', 'azure', 'microsoft']",[],https://twitter.com/netsyder/status/1278478388282503175,False,,0,,,,,,,,[],,,,
1278478385530826752,1278478385530826752,2020-07-01 19:59:34 EDT,2020-07-01,19:59:34,-0500,961145236704636931,nekochansec555,ã‚»ã‚­ãƒ¥ãƒªãƒ†ã‚£çŒ«,,"Microsoft Windows Codecs Library ã®è„†å¼±æ€§ (CVE-2020-1425, CVE-2020-1457) ã«é–¢ã™ã‚‹æ³¨æ„å–šèµ·  https://t.co/Ldrh8R2bm1 @jpcert",ja,"[{'screen_name': 'jpcert', 'name': 'jpcertã‚³ãƒ¼ãƒ‡ã‚£ãƒãƒ¼ã‚·ãƒ§ãƒ³ã‚»ãƒ³ã‚¿ãƒ¼', 'id': '17148616'}]",['https://www.jpcert.or.jp/at/2020/at200027.html'],[],0,0,1,[],[],https://twitter.com/nekochanSec555/status/1278478385530826752,False,,0,,,,,,,,[],,,,
1278478372797140992,1278478372797140992,2020-07-01 19:59:31 EDT,2020-07-01,19:59:31,-0500,23212700,thesoftwarepro,"Dawn Bjork, MCT, MOSM, Certified Virtual Presenter",,Another software upgrade? Switching to Microsoft 365? Does your team need to be more productive with Microsoft Office? Stop wasting time and get up to speed with what you need! Message me here or at Dawn@TheSoftwarePro.com #MCT #OfficeExpert  https://t.co/fzowAKL5XD,en,[],[],['https://pbs.twimg.com/media/Eb4RTbSXkAM4k5b.png'],0,0,0,"['mct', 'officeexpert']",[],https://twitter.com/TheSoftwarePro/status/1278478372797140992,False,,1,https://pbs.twimg.com/media/Eb4RTbSXkAM4k5b.png,,,,,,,[],,,,
1278478356883931138,1278478356883931138,2020-07-01 19:59:27 EDT,2020-07-01,19:59:27,-0500,233494977,1sttwoletters,dumbass,,I used to get real mad as a kid when Microsoft Wordâ€™s bitch ass put red lines under my name.,en,[],[],[],3,0,7,[],[],https://twitter.com/1sttwoletters/status/1278478356883931138,False,,0,,,,,,,,[],,,,
1278478352870002688,1278478352870002688,2020-07-01 19:59:26 EDT,2020-07-01,19:59:26,-0500,27233114,sqdparis,Dennis Cummins,,Â» Microsoft announces new Windows 10 Start menu design and updated Alt-Tab - The Verge  https://t.co/eTHapWWsD0,en,[],['https://www.theverge.com/2020/7/1/21310597/microsoft-windows-10-start-menu-design-new-alt-tab-features'],[],0,0,0,[],[],https://twitter.com/sqdparis/status/1278478352870002688,False,,0,,,,,,,,[],,,,
1278478329797128192,1277987768581455875,2020-07-01 19:59:21 EDT,2020-07-01,19:59:21,-0500,1268972017442750465,mzkjnky80,Mzkjnky80,,"@EpicJenno69 @LaughingManProd @MiKAuditore @EnochTheMighty @DamnnnnnnMakoto @GameSpot The Xbox Series X's new proprietary SSD was custom-built by Microsoft for fast loading times, intuitive functionality like expanded Quick Resume, and a virtual RAM memory cache for developers.",en,[],[],[],0,0,0,[],[],https://twitter.com/mzkjnky80/status/1278478329797128192,False,,0,,,,,,,,"[{'screen_name': 'LaughingManProd', 'name': 'LMPGames', 'id': '1263693975313018881'}, {'screen_name': 'MiKAuditore', 'name': 'Mikael Auditore', 'id': '853067793817849857'}, {'screen_name': 'DamnnnnnnMakoto', 'name': 'â„•ğ• ğ•£ğ•¤ğ•–â”‚ğ•„ğ•’ğ•œğ• ğ•¥ğ•  ğŸ—¾ğŸ–¤', 'id': '2368986487'}, {'screen_name': 'GameSpot', 'name': 'GameSpot', 'id': '7157132'}]",,,,
1278478329239109632,1278478329239109632,2020-07-01 19:59:21 EDT,2020-07-01,19:59:21,-0500,16566551,mspoweruser,MSPoweruser,,Microsoft demos Microsoft Teams for  Life (video) -  https://t.co/JX52dtcJy1  https://t.co/MFn2YjwPM4,de,[],['https://mspoweruser.com/microsoft-demoes-microsoft-teams-for-life-video/'],['https://pbs.twimg.com/media/Eb4RQ9IX0AApP2m.jpg'],1,7,32,[],[],https://twitter.com/mspoweruser/status/1278478329239109632,False,,1,https://pbs.twimg.com/media/Eb4RQ9IX0AApP2m.jpg,,,,,,,[],,,,
1278478307269451776,1278478307269451776,2020-07-01 19:59:16 EDT,2020-07-01,19:59:16,-0500,986908807459721222,jobnownigeria,#EndSARS,,Sales Customer-Facing Technologies at Microsoft Corporation -  https://t.co/rBChLrfmZ0  https://t.co/0m7w0WPbaX,en,[],['https://jobnow.ng/jobs/sales-customer-facing-technologies-at-microsoft-corporation/'],['https://pbs.twimg.com/media/Eb4RPtwX0AY4BpU.jpg'],0,0,0,[],[],https://twitter.com/Jobnownigeria/status/1278478307269451776,False,,1,https://pbs.twimg.com/media/Eb4RPtwX0AY4BpU.jpg,,,,,,,[],,,,
1278478304304119811,1278437399354396673,2020-07-01 19:59:15 EDT,2020-07-01,19:59:15,-0500,2180103909,xajiancuc,Mykyta Yablokov,,"@blessmepadre @alexkop74 @koalavkakao Apple - Ğ·Ğ°ĞºÑ€Ñ‹Ñ‚Ğ°Ñ ÑĞ¸ÑÑ‚ĞµĞ¼Ğ° Ğ¸ Ñ€Ğ°ÑĞºÑ€Ñ‹Ğ²Ğ°ĞµÑ‚ Ğ²ÑĞµ ÑĞ²Ğ¾Ğ¸ Ğ²Ğ¾Ğ·Ğ¼Ğ¾Ğ¶Ğ½Ğ¾ÑÑ‚Ğ¸ Ñ‚Ğ¾Ğ»ÑŒĞºĞ¾ Ğ² ÑĞ»ÑƒÑ‡Ğ°Ğµ, ĞµÑĞ»Ğ¸ Ğ¿Ğ¾Ğ»ÑŒĞ·Ğ¾Ğ²Ğ°Ñ‚ÑŒÑÑ Ñ‚Ğ¾Ğ»ÑŒĞºĞ¾ ÑƒÑÑ‚Ñ€Ğ¾Ğ¹ÑÑ‚Ğ²Ğ°Ğ¼Ğ¸ Ğ¾Ñ‚ Apple(Ğ½Ñƒ ÑĞµÑ€ÑŒÑ‘Ğ·Ğ½Ğ¾ - Ğ²ĞµĞ´ÑŒ Ğº Ğ°Ğ½Ğ°Ğ»Ğ¾Ğ³Ñƒ iMessage Ğ½Ğ¸ĞºÑ‚Ğ¾ Ğ¸ Ğ±Ğ»Ğ¸Ğ·ĞºĞ¾ Ğ½Ğµ Ğ¿Ğ¾Ğ´Ğ¾Ğ±Ñ€Ğ°Ğ»ÑÑ), Ğ² Ğ¾Ñ‚Ğ»Ğ¸Ñ‡Ğ¸Ğµ Ğ¾Ñ‚ Microsoft, ĞºĞ¾Ñ‚Ğ¾Ñ€Ğ°Ñ Ğ½Ğµ ÑĞ¼Ğ¾Ğ³Ğ»Ğ° Ğ·Ğ°Ğ¿ÑƒÑÑ‚Ğ¸Ñ‚ÑŒ ÑĞ²Ğ¾Ñ ÑĞ¾Ğ±ÑÑ‚Ğ²ĞµĞ½Ğ½ÑƒÑ Ğ»Ğ¸Ğ½ĞµĞ¹ĞºÑƒ Ğ¿Ñ€Ğ¾Ğ´ÑƒĞºÑ‚Ğ¾Ğ².",ru,[],[],[],0,0,0,[],[],https://twitter.com/Xajiancuc/status/1278478304304119811,False,,0,,,,,,,,"[{'screen_name': 'blessmepadre', 'name': 'Peter Salnikov', 'id': '22025471'}, {'screen_name': 'alexkop74', 'name': 'Alexander K', 'id': '159078914'}, {'screen_name': 'koalavkakao', 'name': 'ĞºĞ¾Ğ°Ğ»_ĞºĞ° Ğ¿Ñ€Ğ¸Ğ²Ğ¸Ğ»ĞµĞ³Ğ¸Ñ€Ğ¾Ğ²Ğ°Ğ½Ğ½Ğ°Ñ', 'id': '502088234'}]",,,,
1278478227351252994,1278478227351252994,2020-07-01 19:58:57 EDT,2020-07-01,19:58:57,-0500,721065094327566336,hummti,Tina Sieber Hummel,,I won 7 achievements in Microsoft Sudoku for 83 points on #TrueAchievements  https://t.co/Tyg4zfHOKl,en,[],['https://www.trueachievements.com/gamer/OperaticAsh'],[],0,0,0,['trueachievements'],[],https://twitter.com/HummTi/status/1278478227351252994,False,,0,,,,,,,,[],,,,
1278478223668633605,1278478223668633605,2020-07-01 19:58:56 EDT,2020-07-01,19:58:56,-0500,893089563198894081,kogenohu,ã“ã’ãƒãƒ•,,I won the Call me Master achievement in Microsoft Sudoku for 45 points on #TrueAchievements  https://t.co/KYAdNU3mwM,en,[],['https://www.trueachievements.com/gamer/TrainableBook73'],[],0,0,0,['trueachievements'],[],https://twitter.com/kogenohu/status/1278478223668633605,False,,0,,,,,,,,[],,,,
1278478177241890821,1277655607785533441,2020-07-01 19:58:45 EDT,2020-07-01,19:58:45,-0500,2307381600,jeighneither,Jeigh,,"@killer2gamer1 @Windows Actually, you're wrong, it's awesome &amp; clever.  However the update has completely ruined PC gaming.  Frame rates on PC's costing 1000's of $'s are 60fpm.  This is NOT acceptable @Microsoft &amp; @Windows &amp; you haven't said a single word about it, despite unending reports of the prob.",en,"[{'screen_name': 'microsoft', 'name': 'microsoft', 'id': '74286565'}, {'screen_name': 'windows', 'name': 'windows', 'id': '15670515'}]",[],[],0,0,0,[],[],https://twitter.com/JeighNeither/status/1278478177241890821,False,,0,,,,,,,,"[{'screen_name': 'Windows', 'name': 'Windows', 'id': '15670515'}]",,,,
1278478159654973440,1278478159654973440,2020-07-01 19:58:40 EDT,2020-07-01,19:58:40,-0500,1218359579022462976,mahatomi333,ãƒãƒãƒˆãƒŸï½œç„¡é™é™½æ°—ï¼ï¼ï¼è¶…çµ¶è‚¯å®šï¼ï¼ï¼äººç”Ÿæ€¥é€Ÿå‘ä¸Šã®â¶â·â¸,,ãƒ“ãƒƒã‚°ãƒŠã‚¤ãƒ³â†’Googleã€Amazonã€Facebookã€Appleã€IBMã€Microsoftã€Alibabaã€Baiduã€Tencent  ã“ã®ãƒ“ãƒƒã‚°ãƒŠã‚¤ãƒ³ãŒAGIï¼ˆå¼·ã„AIã€æ±ç”¨äººå·¥çŸ¥èƒ½ï¼‰ã®é–‹ç™ºã¨å®Ÿç”¨åŒ–ã‚’æ€¥ã„ã§ã„ã‚‹ã€‚  #AI #äººå·¥çŸ¥èƒ½,ja,[],[],[],0,0,0,"['ai', 'äººå·¥çŸ¥èƒ½']",[],https://twitter.com/mahatomi333/status/1278478159654973440,False,,0,,,,,,,,[],,,,
1278478123743555584,1278478123743555584,2020-07-01 19:58:32 EDT,2020-07-01,19:58:32,-0500,465764007,luciferagenda,Emil,,Windows forced the edge update on me and it completely borked my firefox install and plugins. Thanks microsoft.,en,[],[],[],0,0,4,[],[],https://twitter.com/LuciferAgenda/status/1278478123743555584,False,,0,,,,,,,,[],,,,
1278478120983674880,1278478120983674880,2020-07-01 19:58:31 EDT,2020-07-01,19:58:31,-0500,841725164308033540,xboxthusiast,We â¤ï¸ Xbox,,Microsoft #Xbox One X 1TB Forza Horizon 4 Console Bundle - Black READ Bellow #eBay ğŸ”—  https://t.co/9wNVNqiBHM  https://t.co/BNtlqQWjwy,en,[],['https://rover.ebay.com/rover/1/711-53200-19255-0/1?icep_ff3=2&pub=5575211678&toolid=10001&campid=5338052893&customid=133448717071&icep_item=133448717071&ipn=psmain&icep_vectorid=229466&kwid=902099&mtid=824&kw=lg&nordt=true'],['https://pbs.twimg.com/media/Eb4RE0zXYAERqnN.jpg'],0,0,2,"['xbox', 'ebay']",[],https://twitter.com/Xboxthusiast/status/1278478120983674880,False,,1,https://pbs.twimg.com/media/Eb4RE0zXYAERqnN.jpg,,,,,,,[],,,,
1278478117292687360,1278478117292687360,2020-07-01 19:58:30 EDT,2020-07-01,19:58:30,-0500,1207239033220423680,windowsboy1,Windows Boy,,How To Use The New Features On The MicrosoftÂ Notepad  https://t.co/ccg3IZUsuB,en,[],['https://www.windowsboy.com/2020/07/01/how-to-use-the-new-features-on-the-microsoft-notepad/'],[],0,0,0,[],[],https://twitter.com/WindowsBoy1/status/1278478117292687360,False,,0,,,,,,,,[],,,,
1278478097596235776,1278478097596235776,2020-07-01 19:58:26 EDT,2020-07-01,19:58:26,-0500,122752517,mattcarracino,Matt Carracino,,Microsoft releases emergency security update to fix two bugs in Windows codecs  https://t.co/hBkNDGMcPj via @ZDNet &amp; @campuscodi #infosec,en,"[{'screen_name': 'zdnet', 'name': 'zdnet', 'id': '3819701'}, {'screen_name': 'campuscodi', 'name': 'catalin cimpanu', 'id': '39176606'}]",['https://zd.net/3eUSqSM'],[],0,0,0,['infosec'],[],https://twitter.com/MattCarracino/status/1278478097596235776,False,,0,,,,,,,,[],,,,
1278478043527307264,1278478043527307264,2020-07-01 19:58:13 EDT,2020-07-01,19:58:13,-0500,76581660,ohhara_shiojiri,o h h a r a ğŸ§,,Release Release v0.19.0 Â· microsoft/PowerToys Â· GitHub  https://t.co/UKr1BIcxK0,en,[],['https://github.com/microsoft/PowerToys/releases/tag/v0.19.0'],[],1,1,2,[],[],https://twitter.com/ohhara_shiojiri/status/1278478043527307264,False,,0,,,,,,,,[],,,,
1278478033813266432,1278478033813266432,2020-07-01 19:58:10 EDT,2020-07-01,19:58:10,-0500,21723023,thrillamickilla,TitaThrilla,,Yâ€™all made this on Microsoft Paint or something?,en,[],[],[],1,0,0,[],[],https://twitter.com/thrillamickilla/status/1278478033813266432,False,https://twitter.com/mymixtapez/status/1278469998521004037,0,,,,,,,,[],,,,
1278477983251140608,1278451231963430916,2020-07-01 19:57:58 EDT,2020-07-01,19:57:58,-0500,1064741256,sleevi_,Ryan Sleevi,,"@tqbf These CAs didn't. Probs to work around a bug in Microsoft Active Directory Services in the dumbest possible way, even though there are perfectly safe ways.  So they made them long-lived. O(decades). And put in OCSP URLs, so the ""responder"" (really, 3P CA) can respond for itself.",en,[],[],[],4,0,3,[],[],https://twitter.com/sleevi_/status/1278477983251140608,False,,0,,,,,,,,"[{'screen_name': 'tqbf', 'name': 'Thomas H. Ptacek', 'id': '9395312'}]",,,,
1278477961910419457,1278477961910419457,2020-07-01 19:57:53 EDT,2020-07-01,19:57:53,-0500,3313921,jftamames,jftamames #BLM #Biden,,"Top story: Introducing new OneDrive features to share and collaborate across work and life - Microsoft 365 Blog  https://t.co/zA6IKr9xwE, see more  https://t.co/ko9xA6j4Lb",en,[],"['https://www.microsoft.com/en-us/microsoft-365/blog/2020/07/01/introducing-new-onedrive-features-to-share-and-collaborate-across-work-and-life/', 'http://tweetedtimes.com/v/2125?s=tnp']",[],0,0,1,[],[],https://twitter.com/jftamames/status/1278477961910419457,False,,0,,,,,,,,[],,,,
1278477908185505793,1278475130864205824,2020-07-01 19:57:40 EDT,2020-07-01,19:57:40,-0500,3225119257,kiwilesurvivant,OFFICIAL Raiden Fan Club,,"@mrfeelswildride @grimm_j1mm Apparently the guy is joking.  You can't be too careful. There are Xbox fans who believe Platinum stole funds from Microsoft for NieR Automata, and write creepy fan fiction about Microsoft buying SEGA/Valve/CDPR/etc.",en,[],[],[],2,1,10,[],[],https://twitter.com/KiwiLeSurvivant/status/1278477908185505793,False,,0,,,,,,,,"[{'screen_name': 'mrfeelswildride', 'name': 'Year Of The Cow Enthusiast', 'id': '2777258905'}, {'screen_name': 'grimm_j1mm', 'name': 'Jimm', 'id': '983717571038982145'}]",,,,
1278477874081566722,1278477874081566722,2020-07-01 19:57:32 EDT,2020-07-01,19:57:32,-0500,111828081,scannetsecurity,ScanNetSecurity,,ã€ŒMicrosoft 365ã€ã®é€å—ä¿¡ãƒ¡ãƒ¼ãƒ«ã‹ã‚‰è„…å¨ã‚’å¯è¦–åŒ–ã™ã‚‹ç„¡å„Ÿã‚µãƒ¼ãƒ“ã‚¹ï¼ˆãƒˆãƒ¬ãƒ³ãƒ‰ãƒã‚¤ã‚¯ãƒ­ï¼‰  https://t.co/YRKPpHMcCn,ja,[],['https://scan.netsecurity.ne.jp/article/2020/07/02/44273.html'],[],0,0,0,[],[],https://twitter.com/ScanNetSecurity/status/1278477874081566722,False,,0,,,,,,,,[],,,,
1278477859682574336,1277985745609908225,2020-07-01 19:57:29 EDT,2020-07-01,19:57:29,-0500,17550579,rolaaus,President-Elect RoLaAus ğŸ‡¬ğŸ‡·ğŸ‡®ğŸ‡±ğŸ‡ºğŸ‡¸ğŸ›ğŸšºğŸ”¼ğŸ’¯ğŸ“®ğŸ†”,,"@TrumpThoseLies @ScaryDairy15 @thejtlewis @JoeBiden Actually, I was a self taught data analyst and IT worjer that has some tiny little companies on his resumr like Microsoft (3 times), T-Mobile, and Real Networks &amp; I'm the guy that your friend you go-to for computer problems - yeah, they come to me when they can't fix it",en,[],[],[],2,0,0,[],[],https://twitter.com/rolaaus/status/1278477859682574336,False,,0,,,,,,,,"[{'screen_name': 'TrumpThoseLies', 'name': 'Hawkish', 'id': '1091761156593762305'}, {'screen_name': 'ScaryDairy15', 'name': 'Penny', 'id': '299417578'}, {'screen_name': 'thejtlewis', 'name': 'JT Lewis', 'id': '3310061541'}, {'screen_name': 'JoeBiden', 'name': 'Joe Biden', 'id': '939091'}]",,,,
1278477839214325760,1278452311023550464,2020-07-01 19:57:24 EDT,2020-07-01,19:57:24,-0500,1059514481468878848,kempthofficial,kempth,,@thephxntom20 @StuV2 I literally canâ€™t because itâ€™s tied to my Microsoft Ambassador profile. Iâ€™m super sad right now. And since my Ladyâ€™s Xbox is signed in to my account it updated that one too.,en,[],[],[],0,0,1,[],[],https://twitter.com/kempthofficial/status/1278477839214325760,False,,0,,,,,,,,"[{'screen_name': 'thephxntom20', 'name': 'Phxntom20', 'id': '1259118321334697985'}, {'screen_name': 'StuV2', 'name': 'STU ğŸ®ğŸ¥ğŸ™', 'id': '17547990'}]",,,,
1278477802426286081,1278477802426286081,2020-07-01 19:57:15 EDT,2020-07-01,19:57:15,-0500,4831743143,cooleditphoto,Monica Qiu,,I read it twice then realized that it doesn't mention Microsoft,en,[],[],[],0,0,0,[],[],https://twitter.com/cooleditphoto/status/1278477802426286081,False,https://twitter.com/Rover829/status/1278477525962723329,0,,,,,,,,[],,,,
1278477786693451777,1278462243747831811,2020-07-01 19:57:11 EDT,2020-07-01,19:57:11,-0500,940330493177974784,yagonpeixoto,Yago #FreeFortnite,,"@KAISEprsn @FNStatusBR Vamos salvar o Word! Microsoft, nos note! Kkk",pt,[],[],[],1,0,2,[],[],https://twitter.com/YagoNPeixoto/status/1278477786693451777,False,,0,,,,,,,,"[{'screen_name': 'KAISEprsn', 'name': 'Kaise ğŸ¦‡', 'id': '1242890722552041473'}, {'screen_name': 'FNStatusBR', 'name': 'Fortnite Status Brasil', 'id': '1247524169576660992'}]",,,,
1278477778564702209,1278477778564702209,2020-07-01 19:57:10 EDT,2020-07-01,19:57:10,-0500,1264072158507962368,el_nachsancho,el_nachosancho,,Letâ€™s gooooo !! ğŸ™ŒğŸ¼ğŸ‘ğŸ¼ğŸ˜ . . . #twitch #live #livegaming #gamer #pcgamer #goinglive #TwitchAffiliate  #SupportSmallStreams #smallstreamer #pcgaming #livegamer #pc #consolewars #console #xbox #ps #microsoft #playstation #gaming #support #f4f #please #help #thankyou  https://t.co/SSIPAKgwQV,en,[],[],[],0,1,4,"['twitch', 'live', 'livegaming', 'gamer', 'pcgamer', 'goinglive', 'twitchaffiliate', 'supportsmallstreams', 'smallstreamer', 'pcgaming', 'livegamer', 'pc', 'consolewars', 'console', 'xbox', 'ps', 'microsoft', 'playstation', 'gaming', 'support', 'f4f', 'please', 'help', 'thankyou']",[],https://twitter.com/El_NachSancho/status/1278477778564702209,False,,1,https://pbs.twimg.com/ext_tw_video_thumb/1278477714295451649/pu/img/JDCHtEvS3NcwHTXu.jpg,,,,,,,[],,,,
1278477764585066496,1277873106627948544,2020-07-01 19:57:06 EDT,2020-07-01,19:57:06,-0500,1243637273624633350,gopaltiwari1994,Gopal Tiwari,,@Cutieeee_Pie9 @majorgauravarya @Microsoft Stupid pakistani..,et,[],[],[],1,0,0,[],[],https://twitter.com/GopalTiwari1994/status/1278477764585066496,False,,0,,,,,,,,"[{'screen_name': 'majorgauravarya', 'name': 'Major Gaurav Arya (Retd)', 'id': '758859344561569792'}, {'screen_name': 'Microsoft', 'name': 'Microsoft', 'id': '74286565'}]",,,,
1278477743626153984,1278477743626153984,2020-07-01 19:57:01 EDT,2020-07-01,19:57:01,-0500,14115073,danpi,Dan Pilling,,Microsoft BANS players of Forza racing game who use confederate flag  https://t.co/6pqbvh1nFn,en,[],['https://flip.it/Q7S0.H'],[],0,0,2,[],[],https://twitter.com/danpi/status/1278477743626153984,False,,0,,,,,,,,[],,,,
1278477719861432327,1278477719861432327,2020-07-01 19:56:56 EDT,2020-07-01,19:56:56,-0500,104437622,anolefo_ike,Ikechukwu Anolefo,,Task 20f IGCSE ICT Hodder Education | Microsoft Excel | Using the INT an...  https://t.co/DAkBcFB2fd via @YouTube,en,"[{'screen_name': 'youtube', 'name': 'youtube', 'id': '10228272'}]",['https://youtu.be/AtGnPmwEqPo'],[],0,0,0,[],[],https://twitter.com/anolefo_ike/status/1278477719861432327,False,,0,,,,,,,,[],,,,
1278477674193793026,1278469771244326913,2020-07-01 19:56:45 EDT,2020-07-01,19:56:45,-0500,3116059858,stopmanx,Lin,,"@bgb_gabriel @Velberan Depende. A Microsoft era fechado no seu sistema, diferente da twitch que tem em todo canto. AlguÃ©m que sÃ³ tem ps4, nÃ£o pode acessar o mixer por ele, mas pode abrir o twitch.",pt,[],[],[],0,0,0,[],[],https://twitter.com/StopManx/status/1278477674193793026,False,,0,,,,,,,,"[{'screen_name': 'bgb_gabriel', 'name': 'Gabriel', 'id': '747582423228125184'}, {'screen_name': 'Velberan', 'name': 'Velberan', 'id': '1030526400'}]",,,,
1278477645089390592,1278477645089390592,2020-07-01 19:56:38 EDT,2020-07-01,19:56:38,-0500,864610564999266306,koara_aeter,ã“ã‚ã‚‰@éå»å•å‹Ÿé›†å›ºãƒ„ã‚¤ãŠé¡˜ã„ã—ã¾ã™â€¦,,Microsoft edgeãŒæ­»ã‚“ã§ã‚‹,ja,[],[],[],0,0,6,[],[],https://twitter.com/koara_aeter/status/1278477645089390592,False,,0,,,,,,,,[],,,,
1278477592291504128,1278477592291504128,2020-07-01 19:56:25 EDT,2020-07-01,19:56:25,-0500,156236378,gaso_aka_boss,ï½¸ï¾ï½§ï½¿,,Microsoft launches initiative to help 25 million people worldwide acquire the digital skills needed in a COVID-19 economy  https://t.co/s3sbU8G9ct,en,[],['https://blogs.microsoft.com/blog/2020/06/30/microsoft-launches-initiative-to-help-25-million-people-worldwide-acquire-the-digital-skills-needed-in-a-covid-19-economy/'],[],0,0,0,[],[],https://twitter.com/gASo_aka_boss/status/1278477592291504128,False,,0,,,,,,,,[],,,,
1278477518756954112,1278477518756954112,2020-07-01 19:56:08 EDT,2020-07-01,19:56:08,-0500,2297373842,1ft_seabass,Tanaka Seigo,,ä»Šå¹´ã®Microsoft MVPæ´»å‹•ã®ã‚¦ã‚©ãƒ¼ãƒ ã‚¢ãƒƒãƒ—ã¨ã—ã¦ã€ä»Šæ—¥ã‹ã‚‰å€‹äººã§ã‚‚è²·ãˆã‚‹ã‚ˆã†ã«ãªã£ãŸ HoloLens2 ã‚’è³¼å…¥ã—ã¾ã—ãŸãƒ¼ã€‚ã„ã‚ˆã„ã‚ˆã ãƒ¼ï¼ãŸã®ã—ã¿ã ãƒ¼ï¼ ã‚‚ã¡ã‚ã‚“è²·ãˆã¾ã—ã¦7/6åˆ°ç€äºˆå®šã§ã™ã€‚åŒã˜ã‚ˆã†ã«ã€å€‹äººã§æ¬²ã—ã„ã¨æ€ã£ã¦ã„ã‚‹æ–¹ã€æœ—å ±ã§ã™ã‚ˆãƒ¼ğŸ™ŒğŸ™ŒğŸ™Œ   https://t.co/8Wti3yhvxr,ja,[],['https://blogs.windows.com/japan/2020/07/01/hololens2-msstoreonline-launch/'],[],2,6,32,[],[],https://twitter.com/1ft_seabass/status/1278477518756954112,False,,0,,,,,,,,[],,,,
1278477500666925058,1278378911324307456,2020-07-01 19:56:03 EDT,2020-07-01,19:56:03,-0500,93843610,ammolhsaallvi,Ammolh Saallvi,,@EPErnst @Microsoft @DynamicsUG Congratulations @EPErnst,en,"[{'screen_name': 'epernst', 'name': 'erik p. ernst', 'id': '25063391'}]",[],[],0,0,1,[],[],https://twitter.com/ammolhsaallvi/status/1278477500666925058,False,,0,,,,,,,,"[{'screen_name': 'EPErnst', 'name': 'Erik P. Ernst', 'id': '25063391'}, {'screen_name': 'Microsoft', 'name': 'Microsoft', 'id': '74286565'}, {'screen_name': 'DynamicsUG', 'name': 'Dynamics User Group', 'id': '3922496176'}]",,,,
1278477482044334080,1278345777287495680,2020-07-01 19:55:59 EDT,2020-07-01,19:55:59,-0500,1231498171634851840,stefanjadler1,Stefan Adler,,"@panos_panay @johnwiese @surface I'm also excited about the productivity features that I am sure the Microsoft team has built into this tool. Using handwriting on a mobile phone productively is a unique selling point, so I'm really excited to see how it is implemented and how useful it will turn out to be for me",en,[],[],[],0,0,3,[],[],https://twitter.com/StefanJAdler1/status/1278477482044334080,False,,0,,,,,,,,"[{'screen_name': 'panos_panay', 'name': 'Panos Panay', 'id': '20416077'}, {'screen_name': 'johnwiese', 'name': 'johnwiese ğŸ’™ğŸ¦„', 'id': '14956682'}, {'screen_name': 'surface', 'name': 'Microsoft Surface', 'id': '612076511'}]",,,,
1278477430026633217,1278026524944404483,2020-07-01 19:55:46 EDT,2020-07-01,19:55:46,-0500,1020099547471568896,sannleikur1,Sannleikur,,@PabloPoon Microsoft told me edging was pretty fun,en,[],[],[],0,0,0,[],[],https://twitter.com/Sannleikur1/status/1278477430026633217,False,,0,,,,,,,,"[{'screen_name': 'PabloPoon', 'name': 'Pablo', 'id': '559739849'}]",,,,
1278477384052850689,1278477384052850689,2020-07-01 19:55:35 EDT,2020-07-01,19:55:35,-0500,316502549,noticiero_gamer,Noticiero Gamer,,Microsoft enseÃ±arÃ¡ mÃ¡s de 60 tÃ­tulos del 21 al 27 de  Julio  https://t.co/XxOeZEdJ0C,es,[],['https://noticierogamerblog.wordpress.com/2020/07/02/microsoft-ensenara-mas-de-60-titulos-del-21-al-21-de-julio/'],[],0,0,0,[],[],https://twitter.com/noticiero_gamer/status/1278477384052850689,False,,0,,,,,,,,[],,,,
1278477381355765760,1278477381355765760,2020-07-01 19:55:35 EDT,2020-07-01,19:55:35,-0500,3348679983,amazonbay4u,AmazonBay4u,,"MINECRAFT FAVORITES PACK (Microsoft Xbox One, 2017) DISC ONLY  https://t.co/G4mqxKoPQs  https://t.co/p5TOw0jQq5",en,[],['http://dlvr.it/RZmkKZ'],['https://pbs.twimg.com/media/Eb4QZ0fUMAEttRk.jpg'],0,0,0,[],[],https://twitter.com/AmazonBay4u/status/1278477381355765760,False,,1,https://pbs.twimg.com/media/Eb4QZ0fUMAEttRk.jpg,,,,,,,[],,,,
1278477381045379072,1278477381045379072,2020-07-01 19:55:35 EDT,2020-07-01,19:55:35,-0500,877585625876221953,feedyoudeals,Feed You Deals,,"Microsoft Surface Book 2 15"" Glass...: List Price: $36.99 Deal Price: $20.99 You Save: $43%  https://t.co/kBhSY6Z165  https://t.co/GpE0GxtNwR",en,[],['http://dlvr.it/RZmkH9'],['https://pbs.twimg.com/media/Eb4QZydU4AAPqTP.jpg'],0,0,0,[],[],https://twitter.com/FeedYouDeals/status/1278477381045379072,False,,1,https://pbs.twimg.com/media/Eb4QZydU4AAPqTP.jpg,,,,,,,[],,,,
1278477377488601088,1278477377488601088,2020-07-01 19:55:34 EDT,2020-07-01,19:55:34,-0500,3348679983,amazonbay4u,AmazonBay4u,,"Minecraft: Xbox One Edition (Microsoft Xbox One, 2014)  https://t.co/DrIm0zhAfj  https://t.co/1o76fZWjXI",en,[],['http://dlvr.it/RZmkHy'],['https://pbs.twimg.com/media/Eb4QZlsU8AAuw-W.jpg'],0,0,0,[],[],https://twitter.com/AmazonBay4u/status/1278477377488601088,False,,1,https://pbs.twimg.com/media/Eb4QZlsU8AAuw-W.jpg,,,,,,,[],,,,
1278477376247066624,1278477376247066624,2020-07-01 19:55:34 EDT,2020-07-01,19:55:34,-0500,1004916684971360256,meepsfurry,Meeps (the sfw variety),,I legitimately switched to Microsoft Edge and have been kinda loving it???,en,[],[],[],0,0,1,[],[],https://twitter.com/MeepsFurry/status/1278477376247066624,False,,0,,,,,,,,[],,,,
1278477299122200576,1278459366123937792,2020-07-01 19:55:15 EDT,2020-07-01,19:55:15,-0500,37778253,krmarko,Kurt MarkoğŸ¤”ğŸ‡ºğŸ‡¸,,@jonerp Microsoft learned the #GIGO lesson years ago trying to use this toxic dump to train a chatbot.   https://t.co/cVKBd5PhPu,en,[],['https://www.bbc.com/news/technology-35890188'],[],1,1,1,['gigo'],[],https://twitter.com/krmarko/status/1278477299122200576,False,,0,,,,,,,,"[{'screen_name': 'jonerp', 'name': 'Jon Reed', 'id': '14935864'}]",,,,
1278477289060212736,1278343038381830145,2020-07-01 19:55:13 EDT,2020-07-01,19:55:13,-0500,2307381600,jeighneither,Jeigh,,"@dungeonsgame @Windows When is @Microsoft going to fix the windows 10 updates that have ruined frame rates 4 gamers who've spent thousands of $'s on their machines only to get embarrassingly terrible frame rates?  These botched updates are NOT ACCEPTABLE, &amp; keep happening decade after decade #Shameful",en,"[{'screen_name': 'microsoft', 'name': 'microsoft', 'id': '74286565'}]",[],[],0,0,0,['shameful'],[],https://twitter.com/JeighNeither/status/1278477289060212736,False,,0,,,,,,,,"[{'screen_name': 'dungeonsgame', 'name': 'Minecraft Dungeons', 'id': '1029368298138476544'}, {'screen_name': 'Windows', 'name': 'Windows', 'id': '15670515'}]",,,,
1278477285390086144,1278477285390086144,2020-07-01 19:55:12 EDT,2020-07-01,19:55:12,-0500,424564099,shin___7,ã—ã‚“ ğŸ®,,ãªã‚“ã‹ã“ãªã„ã ã‹ã‚‰Windowsã®Xboxã‚¢ãƒ—ãƒªã«ã‚¯ãƒ¬ã‚«ã®æœ‰åŠ¹æœŸé™ãŒè¿‘ã¥ã„ã¦ã„ã‚‹ã‚ˆã†ã§ã™ã£ã¦è¡¨ç¤ºãŒã§ã‚‹ã‚“ã ã‘ã©ã€Microsoftã‚¢ã‚«ã‚¦ãƒ³ãƒˆã®æ”¯æ‰•ã„ã‚ªãƒ—ã‚·ãƒ§ãƒ³ã®ã¨ã“ã‚ã«ç™»éŒ²ã—ã¦ã‚ã‚‹ã®ã‚’è¦‹ã¦ã‚‚å…¨ç„¶æœŸé™è¿«ã£ã¦ãªã„ã—ã©ã†ã‚„ã£ãŸã‚‰æ¶ˆãˆã‚‹ã®ã‹ã‚ã‹ã‚‰ãªã„ãƒ¼ãƒ¼ãƒ¼  https://t.co/dnbkSFprf5,ja,[],[],['https://pbs.twimg.com/media/Eb4P0UzUYAUB2Rl.png'],1,0,3,[],[],https://twitter.com/shin___7/status/1278477285390086144,False,,1,https://pbs.twimg.com/media/Eb4P0UzUYAUB2Rl.png,,,,,,,[],,,,
1278477238510530562,1278477238510530562,2020-07-01 19:55:01 EDT,2020-07-01,19:55:01,-0500,1045986103109570561,mrcolli1,Mr. Colli,,#Microsoft_Teams  #Nearpod  #Live_Lessons  @YPSSummerSchool  Day 3 of YPS_Summer School. Supporting each other as we navigate uncharted waters.  https://t.co/wxphMpvWY9,en,"[{'screen_name': 'ypssummerschool', 'name': 'yps secondary summer school academy', 'id': '1268640906187546624'}]",[],"['https://pbs.twimg.com/media/Eb4QRRQXkAANe1p.jpg', 'https://pbs.twimg.com/media/Eb4QRRTWoAAy4OW.jpg', 'https://pbs.twimg.com/media/Eb4QRRtX0AYXLHB.jpg', 'https://pbs.twimg.com/media/Eb4QRR0XkAYWgvQ.jpg']",0,4,16,"['microsoft_teams', 'nearpod', 'live_lessons']",[],https://twitter.com/MrColli1/status/1278477238510530562,False,,1,https://pbs.twimg.com/media/Eb4QRRQXkAANe1p.jpg,,,,,,,[],,,,
1278477230985719809,1278477230985719809,2020-07-01 19:54:59 EDT,2020-07-01,19:54:59,-0500,36032128,nafisalam,Nafis Alam,,#Digital #skills are key for #Futureofwork post #Covid19 #economy   @Microsoft launches initiative to help 25 mln people worldwide acquire the digital skills needed in a COVID-19 economy  #DigitalTransformation #Fintech #Finance #Education #knowledge     https://t.co/svQOvnn8hu,en,"[{'screen_name': 'microsoft', 'name': 'microsoft', 'id': '74286565'}]",['https://blogs.microsoft.com/blog/2020/06/30/microsoft-launches-initiative-to-help-25-million-people-worldwide-acquire-the-digital-skills-needed-in-a-covid-19-economy/'],[],0,0,0,"['digital', 'skills', 'futureofwork', 'covid19', 'economy', 'digitaltransformation', 'fintech', 'finance', 'education', 'knowledge']",[],https://twitter.com/nafisalam/status/1278477230985719809,False,,0,,,,,,,,[],,,,
1278477226988777474,1278437399354396673,2020-07-01 19:54:58 EDT,2020-07-01,19:54:58,-0500,2180103909,xajiancuc,Mykyta Yablokov,,"@blessmepadre @alexkop74 @koalavkakao ĞÑƒ, 10 Ğ²Ğ¸Ğ½Ğ´Ğ° - Ğ´ĞµĞ¹ÑÑ‚Ğ²Ğ¸Ñ‚ĞµĞ»ÑŒĞ½Ğ¾ Ğ¾Ğ³Ñ€Ğ¾Ğ¼Ğ½Ñ‹Ğ¹ ÑˆĞ°Ğ³ Ğ½Ğ° Ğ²ÑÑ‚Ñ€ĞµÑ‡Ñƒ Ğ¿Ğ¾Ñ‚Ñ€ĞµĞ±Ğ¸Ñ‚ĞµĞ»Ñ, ÑĞ¾ ÑÑ‚Ğ¾Ñ€Ğ¾Ğ½Ñ‹ Microsoft. ĞšĞ¾ÑÑĞºĞ¾Ğ² Ğ¼Ğ½Ğ¾Ğ³Ğ¾, Ğ½Ğ¾ Ğ¸ Ğ¾Ğ±Ğ»Ğ°Ñ‡Ğ½Ñ‹Ğµ ÑĞµÑ€Ğ²Ğ¸ÑÑ‹ Ğ¼Ğ°Ğ»Ğ¾ Ğ¼Ğ°Ğ»ÑŒÑĞºĞ¸ Ğ·Ğ°Ñ€Ğ°Ğ±Ğ¾Ñ‚Ğ°Ğ»Ğ¸, Ğ½Ğ¾ Ğ²ÑÑ‘ Ğ¶Ğµ, Ğ½Ğ°Ğ·Ñ‹Ğ²Ğ°Ñ‚ÑŒ ĞºĞ°ĞºÑƒÑ-Ñ‚Ğ¾ Ğ¸Ğ· ÑĞ¸ÑÑ‚ĞµĞ¼ Ğ¾Ñ‚ĞºÑ€Ğ¾Ğ²ĞµĞ½Ğ½Ñ‹Ğ¼ Ğ³Ğ¾Ğ²Ğ½Ğ¾Ğ¼ Ğ¸ Ğ±Ğ¾Ğ³Ğ¾Ñ‚Ğ²Ğ¾Ñ€Ğ¸Ñ‚ÑŒ Ğ´Ñ€ÑƒĞ³ÑƒÑ - Ğ³Ğ»ÑƒĞ¿Ğ¾!",ru,[],[],[],0,0,0,[],[],https://twitter.com/Xajiancuc/status/1278477226988777474,False,,0,,,,,,,,"[{'screen_name': 'blessmepadre', 'name': 'Peter Salnikov', 'id': '22025471'}, {'screen_name': 'alexkop74', 'name': 'Alexander K', 'id': '159078914'}, {'screen_name': 'koalavkakao', 'name': 'ĞºĞ¾Ğ°Ğ»_ĞºĞ° Ğ¿Ñ€Ğ¸Ğ²Ğ¸Ğ»ĞµĞ³Ğ¸Ñ€Ğ¾Ğ²Ğ°Ğ½Ğ½Ğ°Ñ', 'id': '502088234'}]",,,,
1278477224115486722,1278477224115486722,2020-07-01 19:54:57 EDT,2020-07-01,19:54:57,-0500,118314626,hakata_no_onago,ã¯ã¾,,ä»Šå¹´ã‚‚ãŠã‹ã’ã•ã¾ã§ã€Microsoft  MVPï¼ˆOffice Apps &amp; Servicesï¼‰ã‚’å—è³ã•ã›ã¦ã„ãŸã ãã¾ã—ãŸã€‚ ã€Œå’æ¥­ã€ã¨ã„ã†æ–‡å­—ã‚‚ã¡ã‚‰ã»ã‚‰æµ®ã‹ã‚“ã§ãã¾ã—ãŸãŒã€ã¾ã ã€ç™ºä¿¡ã—ãŸã„ã€ä¼ãˆãŸã„ã¨ã„ã†æ°—æŒã¡ã¯ã‚ã‚‹ã®ã§ã€ã‚µã‚¤ãƒˆã‚’é€šã—ã¦æ´»å‹•ã‚’ç¶™ç¶šã—ã¦ã„ããŸã„ã¨æ€ã„ã¾ã™ã€‚ ã¿ãªæ§˜ã¨ã®ã¤ãªãŒã‚Šã«æ„Ÿè¬ã—ã¾ã™ã€‚,ja,[],[],[],2,3,38,[],[],https://twitter.com/hakata_no_onago/status/1278477224115486722,False,,0,,,,,,,,[],,,,
1278477191907627009,1278452068752203786,2020-07-01 19:54:50 EDT,2020-07-01,19:54:50,-0500,2307381600,jeighneither,Jeigh,,"@Microsoft @CSIRO When is @Microsoft going to fix the windows 10 updates that have ruined frame rates 4 gamers who've spent thousands of $'s on their machines only to get embarrassingly terrible frame rates?  These botched updates are NOT ACCEPTABLE, &amp; keep happening decade after decade #Shameful",en,"[{'screen_name': 'microsoft', 'name': 'microsoft', 'id': '74286565'}]",[],[],0,0,0,['shameful'],[],https://twitter.com/JeighNeither/status/1278477191907627009,False,,0,,,,,,,,"[{'screen_name': 'Microsoft', 'name': 'Microsoft', 'id': '74286565'}, {'screen_name': 'CSIRO', 'name': 'CSIRO', 'id': '174083824'}]",,,,
1278477181677498369,1278477181677498369,2020-07-01 19:54:47 EDT,2020-07-01,19:54:47,-0500,829901123116896260,kingjazzzzyy,JazzyyBLANKO,,I use photoshop. Yo tatto artist uses Microsoft word &amp; tells you â€œoh I Kant do thatâ€ ğŸ˜‚,en,[],[],[],0,0,0,[],[],https://twitter.com/kingjazzzzyy/status/1278477181677498369,False,,0,,,,,,,,[],,,,
1278477173939073025,1278068949477756928,2020-07-01 19:54:45 EDT,2020-07-01,19:54:45,-0500,248703148,omcintyre,Ocean McIntyre,,@friedsky Anytime you have an upgrade (especially with a Microsoft product) things get broken. Ugh. That must've been such a headache.,en,[],[],[],0,0,0,[],[],https://twitter.com/omcintyre/status/1278477173939073025,False,,0,,,,,,,,"[{'screen_name': 'friedsky', 'name': 'Dr. Jo Pitesky', 'id': '50043309'}]",,,,
1278477165596758016,1278472705818402816,2020-07-01 19:54:43 EDT,2020-07-01,19:54:43,-0500,1261849953095290880,teteuryan,Matheus Ryan,,"@RafiSSii Microsoft store, porÃ©m a comunidade tÃ¡ bem baixa.",pt,[],[],[],0,0,1,[],[],https://twitter.com/teteuryan/status/1278477165596758016,False,,0,,,,,,,,"[{'screen_name': 'RafiSSii', 'name': 'Rafa ğŸ§', 'id': '800565513172623360'}]",,,,
1278477150233006080,1277979549100175361,2020-07-01 19:54:40 EDT,2020-07-01,19:54:40,-0500,2307381600,jeighneither,Jeigh,,"@Microsoft @LinkedIn When is @Microsoft going to fix the windows 10 updates that have ruined frame rates 4 gamers who've spent thousands of $'s on their machines only to get embarrassingly terrible frame rates?  These botched updates are NOT ACCEPTABLE, &amp; keep happening decade after decade #Shameful",en,"[{'screen_name': 'microsoft', 'name': 'microsoft', 'id': '74286565'}]",[],[],0,0,0,['shameful'],[],https://twitter.com/JeighNeither/status/1278477150233006080,False,,0,,,,,,,,"[{'screen_name': 'Microsoft', 'name': 'Microsoft', 'id': '74286565'}, {'screen_name': 'LinkedIn', 'name': 'LinkedIn', 'id': '13058772'}]",,,,
1278477144881016834,1278477144881016834,2020-07-01 19:54:38 EDT,2020-07-01,19:54:38,-0500,1216833575779209220,_kaymadeit,KayğŸ¥,,Why you gotta pay for Microsoft Word but Google Docs is free? And why do I care?,en,[],[],[],1,0,1,[],[],https://twitter.com/_kaymadeit/status/1278477144881016834,False,,0,,,,,,,,[],,,,
1278477125708689408,1278477125708689408,2020-07-01 19:54:34 EDT,2020-07-01,19:54:34,-0500,33466363,rotomx,ã‚ã¨ / rotomx ğŸ£,,ã¿ã‚“ãª Microsoft MVP å—è³ã—ã¦ã‚‹ã€‚å—è³ã—ã¦ãªã„ã®ã¯ãŠã¾ãˆã ã‘,ja,[],[],[],0,0,7,[],[],https://twitter.com/rotomx/status/1278477125708689408,False,,0,,,,,,,,[],,,,
1278477100589203456,1278437203895517187,2020-07-01 19:54:28 EDT,2020-07-01,19:54:28,-0500,2307381600,jeighneither,Jeigh,,"@Microsoft When is @Microsoft going to fix the windows 10 updates that have ruined frame rates 4 gamers who've spent thousands of $'s on their machines only to get embarrassingly terrible frame rates?  These botched updates are NOT ACCEPTABLE, &amp; keep happening decade after decade #Shameful",en,"[{'screen_name': 'microsoft', 'name': 'microsoft', 'id': '74286565'}]",[],[],0,0,0,['shameful'],[],https://twitter.com/JeighNeither/status/1278477100589203456,False,,0,,,,,,,,"[{'screen_name': 'Microsoft', 'name': 'Microsoft', 'id': '74286565'}]",,,,
1278477086345158656,1278477086345158656,2020-07-01 19:54:24 EDT,2020-07-01,19:54:24,-0500,1158540815402070016,hoshi_negai,æ˜Ÿã«é¡˜ã„ã‚’,,Windows10ã§ãƒ€ãƒ¡ãªã‚“ã ã£ã‘â€¦ã£ã¦æ€ã£ã¦èª¿ã¹ã¦ã¿ãŸã‘ã©ã€ãƒãƒƒãƒˆãƒ‹ãƒ¥ãƒ¼ã‚¹ç³»ã¯Windows10ã€Microsoftå´ã¯Windows 10ãªã®ã­ ï¼ˆå‰è€…ã¯æ–‡å­—æ•°åˆ¶é™ã®é–¢ä¿‚ã¨ã‹ã‹ã‚‚ã—ã‚Œãªã„ã‘ã©ï¼‰,ja,[],[],[],0,0,1,[],[],https://twitter.com/hoshi_negai/status/1278477086345158656,False,https://twitter.com/motoyawata_mits/status/1277982942367604740,0,,,,,,,,[],,,,
1278477034440835072,1278365247854829569,2020-07-01 19:54:12 EDT,2020-07-01,19:54:12,-0500,2307381600,jeighneither,Jeigh,,"@Microsoft When is @Microsoft going to fix the windows 10 updates that have ruined frame rates 4 gamers who've spent thousands of $'s on their machines only to get embarrassingly terrible frame rates?  These botched updates are NOT ACCEPTABLE, &amp; keep happening decade after decade #Shameful",en,"[{'screen_name': 'microsoft', 'name': 'microsoft', 'id': '74286565'}]",[],[],0,0,0,['shameful'],[],https://twitter.com/JeighNeither/status/1278477034440835072,False,,0,,,,,,,,"[{'screen_name': 'Microsoft', 'name': 'Microsoft', 'id': '74286565'}]",,,,
1278477031735349248,1278477031735349248,2020-07-01 19:54:11 EDT,2020-07-01,19:54:11,-0500,1242330123791003648,hikaru_usada,ã€æ¥½å¤©ã€‘ãƒ‡ã‚¸ã‚¿ãƒ«è£½å“ãƒ©ãƒ³ã‚­ãƒ³ã‚°bot,,æ¥½å¤©ãƒªã‚¢ãƒ«ã‚¿ã‚¤ãƒ ãƒ©ãƒ³ã‚­ãƒ³ã‚° ã‚¹ãƒãƒ›ã€ã‚¿ãƒ–ãƒ¬ãƒƒãƒˆ 7ä½ 65110å†† 08:54:11  ãƒã‚¤ã‚¯ãƒ­ã‚½ãƒ•ãƒˆã€€Microsoft Surfaceã€€Go2ï¼»eMMCã€€64GBï¼ãƒ¡ãƒ¢ãƒªã€€4GBï¼Intelã€€Pentiumï¼½ STVâˆ’00012ã€€ãƒ—ãƒ©ãƒãƒŠ   https://t.co/S4XV5MeCqK,ja,[],['https://hb.afl.rakuten.co.jp/hgc/g00r8mv7.fzgloa4a.g00r8mv7.fzglpa58/_RTLink3610?pc=https%3A%2F%2Fitem.rakuten.co.jp%2Fr-kojima%2F4597244%2F'],[],0,0,0,[],[],https://twitter.com/hikaru_usada/status/1278477031735349248,False,,0,,,,,,,,[],,,,
1278476959794724866,1278470909968429056,2020-07-01 19:53:54 EDT,2020-07-01,19:53:54,-0500,544685188,flurpledur,Flurpledurâ™ ,,@iRenHax @dungeonsgame @Microsoft Or not cause my game doesnt have any of the new content?,en,[],[],[],0,0,0,[],[],https://twitter.com/Flurpledur/status/1278476959794724866,False,,0,,,,,,,,"[{'screen_name': 'iRenHax', 'name': 'Ren âœ¨', 'id': '2427059305'}, {'screen_name': 'dungeonsgame', 'name': 'Minecraft Dungeons', 'id': '1029368298138476544'}, {'screen_name': 'Microsoft', 'name': 'Microsoft', 'id': '74286565'}]",,,,
1278476920624230405,1278476920624230405,2020-07-01 19:53:45 EDT,2020-07-01,19:53:45,-0500,77980813,aggregate_root,Unbounded Context,,congrats to all who got their @microsoft #MVP either awarded or renewed this year! i'm just a peasant MCPD (ğŸ˜„) and I get better at my profession thanks to you and our community! Cheers! ğŸ¥‚  #MVPBuzz  #MVP @MVPAward @msdevCEE  @msdevUK,en,"[{'screen_name': 'microsoft', 'name': 'microsoft', 'id': '74286565'}, {'screen_name': 'mvpaward', 'name': 'mvp award program', 'id': '16547411'}, {'screen_name': 'msdevcee', 'name': 'microsoft developer cee', 'id': '1034792584974163969'}, {'screen_name': 'msdevuk', 'name': 'microsoft developer uk', 'id': '106155830'}]",[],[],0,0,2,"['mvp', 'mvpbuzz', 'mvp']",[],https://twitter.com/aggregate_root/status/1278476920624230405,False,,0,,,,,,,,[],,,,
1278476879205240833,1278362097102065665,2020-07-01 19:53:35 EDT,2020-07-01,19:53:35,-0500,64697602,agussuparno,agus suparno,,@FredrikNilsson_ @Microsoft @MVPAward @TinaStenderup Congratulations,en,[],[],[],1,0,1,[],[],https://twitter.com/agussuparno/status/1278476879205240833,False,,0,,,,,,,,"[{'screen_name': 'FredrikNilsson_', 'name': 'Fredrik Nilsson', 'id': '285614838'}, {'screen_name': 'Microsoft', 'name': 'Microsoft', 'id': '74286565'}, {'screen_name': 'MVPAward', 'name': 'MVP Award Program', 'id': '16547411'}, {'screen_name': 'TinaStenderup', 'name': 'Tina Stenderup-Larsen', 'id': '532200546'}]",,,,
1278476859567734785,1278476859567734785,2020-07-01 19:53:30 EDT,2020-07-01,19:53:30,-0500,415347145,vc_watcher,VC & Startup Watcher,,"Pando: Microsoft is closing all of its retail stores  https://t.co/A1kV6dzIPN, see more  https://t.co/dRJhbvIVjN",en,[],"['https://pando.com/2020/07/01/microsoft-closing-all-of-its-retail-stores/', 'http://tweetedtimes.com/v/1158?s=tnp']",[],0,0,0,[],[],https://twitter.com/VC_watcher/status/1278476859567734785,False,,0,,,,,,,,[],,,,
1278476832333918208,1278357620823339014,2020-07-01 19:53:24 EDT,2020-07-01,19:53:24,-0500,64697602,agussuparno,agus suparno,,@rschu @HoloLens @Azure @Microsoft @Valorem Congratulations,en,[],[],[],0,0,1,[],[],https://twitter.com/agussuparno/status/1278476832333918208,False,,0,,,,,,,,"[{'screen_name': 'rschu', 'name': 'RenÃ© Schulte', 'id': '18668342'}, {'screen_name': 'HoloLens', 'name': 'Microsoft HoloLens', 'id': '2979430185'}, {'screen_name': 'Azure', 'name': 'Microsoft Azure', 'id': '17000457'}, {'screen_name': 'Microsoft', 'name': 'Microsoft', 'id': '74286565'}, {'screen_name': 'Valorem', 'name': 'Valorem Reply', 'id': '39826831'}]",,,,
1278476737693790208,1278476737693790208,2020-07-01 19:53:01 EDT,2020-07-01,19:53:01,-0500,24739834,janmartijn,Jan Martijn Broekhof,,Microsoft releases emergency security updates to fix Windows codecs  https://t.co/1D7m1DlrXY  https://t.co/5wjujYK2VH,en,[],['https://securityaffairs.co/wordpress/105408/security/microsoft-security-updates-codecs.html'],['https://pbs.twimg.com/media/Eb4P0VwXYAQngFW.png'],0,0,0,[],[],https://twitter.com/JanMartijn/status/1278476737693790208,False,,1,https://pbs.twimg.com/media/Eb4P0VwXYAQngFW.png,,,,,,,[],,,,
1278476728877252608,1278411299664179200,2020-07-01 19:52:59 EDT,2020-07-01,19:52:59,-0500,63066352,zaronx,Zaron,,"@Aistarin @blackhole0173 semi-real question though, is there a position at Microsoft for a guy who just looks at documentation pages and gets to make uncomfortable eye contact with whoever wrote them for a prolonged period before finally just saying ""... really?""",en,[],[],[],1,0,0,[],[],https://twitter.com/ZaronX/status/1278476728877252608,False,,0,,,,,,,,"[{'screen_name': 'Aistarin', 'name': 'Professional Wash Bear', 'id': '280346523'}]",,,,
1278476691937955840,1278476691937955840,2020-07-01 19:52:50 EDT,2020-07-01,19:52:50,-0500,763527,medford,medford,,"Personally, our MVPs continue to amaze, inspire, and challenge me, on the daily.  For @Microsoft - you empower our business, customers, and users.  Congratulations to all of our MVPs and I cannot wait to see what we can do in this next year.  #MVPBuzz",en,"[{'screen_name': 'microsoft', 'name': 'microsoft', 'id': '74286565'}]",[],[],0,1,38,['mvpbuzz'],[],https://twitter.com/medford/status/1278476691937955840,False,,0,,,,,,,,[],,,,
1278476633523937280,1278475130864205824,2020-07-01 19:52:37 EDT,2020-07-01,19:52:37,-0500,3062517889,ginko_02,ã‚®ãƒ³ã‚³ğŸ¡,,"@mrfeelswildride xbox smash needs to represent every ninja theory game including DmC, just to remind people that microsoft actually spent money on this studio",en,[],[],[],0,0,0,[],[],https://twitter.com/Ginko_02/status/1278476633523937280,False,,0,,,,,,,,"[{'screen_name': 'mrfeelswildride', 'name': 'Poblano Con Queso Taco Gamer', 'id': '2777258905'}]",,,,
1278476598325338113,1278476598325338113,2020-07-01 19:52:28 EDT,2020-07-01,19:52:28,-0500,3273474301,md_ajmal_ahmed,Md Ajmal Ahmed,,"Iâ€™ve just completed the @Microsoft Engineering: Undergraduate &amp; Masters Virtual Internship Platform and earned my certificate of completion. Thanks, @InsideSherpa for the chance to learn what itâ€™s really like to try out work @Microsoft",en,"[{'screen_name': 'microsoft', 'name': 'microsoft', 'id': '74286565'}, {'screen_name': 'microsoft', 'name': 'microsoft', 'id': '74286565'}]",[],[],0,0,3,[],[],https://twitter.com/Md_Ajmal_Ahmed/status/1278476598325338113,False,,0,,,,,,,,[],,,,
1278476588875575296,1278476588875575296,2020-07-01 19:52:26 EDT,2020-07-01,19:52:26,-0500,146268505,mine_take,å°å³¯å°†å¨@ã‚¨ãƒ³ã‚¸ãƒ‹ã‚¢çµ„ç¹”ã‚’ä½œã‚‹ã‚¨ãƒ³ã‚¸ãƒ‹ã‚¢,,MSé…ä¸‹ã«ã¯ ã€ŒLinkedIn Learningã€ã€ŒMicrosoft Learnã€ã€ŒGitHub Learning Labã€ ã¨ã„ã†å­¦ç¿’ã‚³ãƒ³ãƒ†ãƒ³ãƒ„ãŒæƒã£ã¦ã„ã‚‹äº‹ã‚’æ”¹ã‚ã¦çŸ¥ã‚‹ã€‚  å‡„ã„ãªãƒ¼ / ãƒã‚¤ã‚¯ãƒ­ã‚½ãƒ•ãƒˆã€ãƒ‡ã‚¸ã‚¿ãƒ«æŠ€èƒ½å­¦ç¿’ã‚³ãƒ³ãƒ†ãƒ³ãƒ„ã‚’ç„¡æ–™æä¾›--ã‚³ãƒ­ãƒŠå¤±æ¥­è€…ã‚’å°±æ¥­æ”¯æ´ (ZDNet Japan) #NewsPicks  https://t.co/pgitSRdWji,ja,[],['https://npx.me/pcFj/jPva?from=twitter'],[],0,0,0,['newspicks'],[],https://twitter.com/mine_take/status/1278476588875575296,False,,0,,,,,,,,[],,,,
1278476563449884679,1278256847397543939,2020-07-01 19:52:20 EDT,2020-07-01,19:52:20,-0500,1261792020093440006,stry_k3v79,Stryke_westMer,,"@EspVideojuegos @Xbox_Spain @elcorteingles Desde mi perspectiva veo que tienen mas expectativas por Microsoft que por Sony, en especial despues de la postura de el tarado director de The Last Of Us 2. Que tiro por la culata se esta dando Sony.",es,[],[],[],0,0,0,[],[],https://twitter.com/Stry_k3v79/status/1278476563449884679,False,,0,,,,,,,,"[{'screen_name': 'EspVideojuegos', 'name': 'Espacio de Videojuegos', 'id': '986600624'}, {'screen_name': 'Xbox_Spain', 'name': 'Xbox EspaÃ±a', 'id': '8948592'}, {'screen_name': 'elcorteingles', 'name': 'El Corte InglÃ©s', 'id': '262541531'}]",,,,
1278476563227394048,1278476563227394048,2020-07-01 19:52:20 EDT,2020-07-01,19:52:20,-0500,6662182,dglover,Dave Glover,,"Building IoT solutions then check out the regular Monday (Pacific Time zone) Microsoft IoT Show Deep Dive series, join live Q&amp;A, or on demand.  https://t.co/YKPemNb26a #IoTDeepDive #MSIoT  https://t.co/dQi2lTtFvt",en,[],['https://aka.ms/upcoming-deep-dives-blog'],['https://pbs.twimg.com/media/Eb4PhlMU8AMlqVd.jpg'],0,3,4,"['iotdeepdive', 'msiot']",[],https://twitter.com/dglover/status/1278476563227394048,False,,1,https://pbs.twimg.com/media/Eb4PhlMU8AMlqVd.jpg,,,,,,,[],,,,
1278476562132860930,1278476562132860930,2020-07-01 19:52:20 EDT,2020-07-01,19:52:20,-0500,17218105,jamestownsend,James Townsend,,Dynamics 365 Team Members license | Microsoft Docs  https://t.co/tayqT55C3z,en,[],['https://docs.microsoft.com/en-us/dynamics365/get-started/team-members-license?WT.mc_id=twitter'],[],0,0,0,[],[],https://twitter.com/jamestownsend/status/1278476562132860930,False,,0,,,,,,,,[],,,,
1278476502619828226,1278446501321232387,2020-07-01 19:52:05 EDT,2020-07-01,19:52:05,-0500,15449070,brettbobley,Brett Bobley,,@ibogost @sergiomajluf We were starting to look at Teams when COVID hit and had to rapidly deploy it to everybody. Seems like Microsoft devs are furiously updating it. See this article one of my staff sent me today:  https://t.co/ytIa4LhFh1,en,[],['https://educationblog.microsoft.com/en-us/2020/06/20-updates-for-microsoft-teams-for-education-including-7x7-video-and-breakout-rooms/'],[],0,0,2,[],[],https://twitter.com/brettbobley/status/1278476502619828226,False,,0,,,,,,,,"[{'screen_name': 'ibogost', 'name': 'Ian Bogost', 'id': '6825792'}, {'screen_name': 'sergiomajluf', 'name': 'Sergio Majluf', 'id': '46147451'}]",,,,
1278476494306672648,1278331207332384768,2020-07-01 19:52:03 EDT,2020-07-01,19:52:03,-0500,210451865,iamvhictor,Victor #NationBuilder,,"@Mainoneservice 1. Nigeria,Ghana, Senegal,Togo, Cameroon, Chad, Benin, Burkina Faso, Cote d'Ivoire and Niger. 2. Connectivity Services, Data Center Services, Managed Services, and Cloud services. 3. MDXi Microsoftâ€™s Azure Stack services 4. DSN AI Hub and CC Hub #MainOneAt10",en,[],[],[],0,0,0,['mainoneat10'],[],https://twitter.com/IamVhictor/status/1278476494306672648,False,,0,,,,,,,,"[{'screen_name': 'Mainoneservice', 'name': 'MainOne', 'id': '175425927'}]",,,,
1278476483460136960,1278476483460136960,2020-07-01 19:52:01 EDT,2020-07-01,19:52:01,-0500,1242330123791003648,hikaru_usada,ã€æ¥½å¤©ã€‘ãƒ‡ã‚¸ã‚¿ãƒ«è£½å“ãƒ©ãƒ³ã‚­ãƒ³ã‚°bot,,æ¥½å¤©ãƒªã‚¢ãƒ«ã‚¿ã‚¤ãƒ ãƒ©ãƒ³ã‚­ãƒ³ã‚° ã‚¹ãƒãƒ›ã€ã‚¿ãƒ–ãƒ¬ãƒƒãƒˆ 6ä½ 83800å†† 08:52:00  ãƒã‚¤ã‚¯ãƒ­ã‚½ãƒ•ãƒˆã€€Microsoft Surfaceã€€Go2ï¼»SSDã€€128GBï¼ãƒ¡ãƒ¢ãƒªã€€8GBï¼½ STQâˆ’00012ã€€ãƒ—ãƒ©ãƒãƒŠ   https://t.co/KOPEVeKXoX,ja,[],['https://hb.afl.rakuten.co.jp/hgc/g00r8mv7.fzgloa4a.g00r8mv7.fzglpa58/_RTLink3610?pc=https%3A%2F%2Fitem.rakuten.co.jp%2Fr-kojima%2F4597245%2F'],[],0,0,0,[],[],https://twitter.com/hikaru_usada/status/1278476483460136960,False,,0,,,,,,,,[],,,,
1278476458671984644,1278476458671984644,2020-07-01 19:51:55 EDT,2020-07-01,19:51:55,-0500,734953341441171460,brendonsalves,Brendon ğŸ›¡ï¸,,Uma colega de faculdade elogiando o navegador Edge hahahaha navegador ruim que doi kkk falando que a Microsoft tem que investir mais em divulgaÃ§Ã£o hahahaha. Claramente minha colega bebeu algo antes da apresentaÃ§Ã£o por ter falado isso kkkğŸ˜‚ğŸ¤£,pt,[],[],[],1,0,1,[],[],https://twitter.com/BrendonsAlves/status/1278476458671984644,False,,0,,,,,,,,[],,,,
1278476448169426950,1278476448169426950,2020-07-01 19:51:52 EDT,2020-07-01,19:51:52,-0500,765701552,ffialli,Fran Fialli,,ğŸ‡ºğŸ‡² Nuevos mÃ¡ximos histÃ³ricos hoy en #WallStreet:  ğŸ”¥ Amgen ğŸ”¥ Amazon ğŸ”¥ Coupa SW ğŸ”¥  eBay ğŸ”¥ Microsoft ğŸ”¥ Paypal ğŸ”¥ Shopify ğŸ”¥ Square ğŸ”¥ Tesla ğŸ”¥ Trade Desk  ğŸ”¥ Twilio,es,[],[],[],0,3,5,['wallstreet'],[],https://twitter.com/FFialli/status/1278476448169426950,False,,0,,,,,,,,[],,,,
1278476412102434818,1278476412102434818,2020-07-01 19:51:44 EDT,2020-07-01,19:51:44,-0500,11040622,mekkyon,ã‚,,ChromiumåŒ–ã•ã‚ŒãŸMicrosoft EdgeãŒWindows10æ¨™æº–æ­è¼‰ãƒ–ãƒ©ã‚¦ã‚¶ã¨ãªã£ã¦ã„ã‚‹ç¾åœ¨ã«ãŠã„ã¦ã€ä½•æ•…IEã—ã‹èªã‚ãªã„ã‚µã‚¤ãƒˆãŒæœªã ã«æ–°ã—ãä½œã‚‰ã‚Œã¦ã—ã¾ã†ã®ã‹ #ãã®è¬ã‚’è§£æ˜ã™ã¹ãæˆ‘ã€…ã¯ã‚¢ãƒã‚¾ãƒ³ã®å¥¥åœ°ã¸ã¨å‘ã‹ã£ãŸ,ja,[],[],[],1,1,8,['ãã®è¬ã‚’è§£æ˜ã™ã¹ãæˆ‘ã€…ã¯ã‚¢ãƒã‚¾ãƒ³ã®å¥¥åœ°ã¸ã¨å‘ã‹ã£ãŸ'],[],https://twitter.com/mekkyon/status/1278476412102434818,False,,0,,,,,,,,[],,,,
1278476390766014466,1278339272605528065,2020-07-01 19:51:39 EDT,2020-07-01,19:51:39,-0500,1016133889813721088,r3vsh3ll,it's me!,,@mike_pfeiffer @Microsoft @MVPAward Well deserved bro ğŸ‘Š,en,[],[],[],1,0,1,[],[],https://twitter.com/r3vsh3ll/status/1278476390766014466,False,,0,,,,,,,,"[{'screen_name': 'mike_pfeiffer', 'name': 'mike_pfeiffer', 'id': '63618359'}, {'screen_name': 'Microsoft', 'name': 'Microsoft', 'id': '74286565'}, {'screen_name': 'MVPAward', 'name': 'MVP Award Program', 'id': '16547411'}]",,,,
1278476365579251712,1278476365579251712,2020-07-01 19:51:33 EDT,2020-07-01,19:51:33,-0500,2722372381,apkmirror,APK Mirror,,New APK: Microsoft Outlook: Organize Your Email &amp; Calendar 4.2025.2 by Microsoft Corporation  https://t.co/m2hzDwLY9a,en,[],['https://www.apkmirror.com/apk/microsoft-corporation/outlook/outlook-4-2025-2-release/'],[],0,0,0,[],[],https://twitter.com/APKMirror/status/1278476365579251712,False,,0,,,,,,,,[],,,,
1278476364962656256,1278476364962656256,2020-07-01 19:51:33 EDT,2020-07-01,19:51:33,-0500,2814902624,gngajic,Nash Gajic,,UK lawmakers welcome Microsoft's sack of training pressies for hard-pressed Brits as jobs searches spike  https://t.co/g4ncX9uMyv  https://t.co/2vOBAip9ba,en,[],['http://dlvr.it/RZmjx0'],['https://pbs.twimg.com/media/Eb4Pep6UcAIN_vV.jpg'],0,0,0,[],[],https://twitter.com/GNgajic/status/1278476364962656256,False,,1,https://pbs.twimg.com/media/Eb4Pep6UcAIN_vV.jpg,,,,,,,[],,,,
1278476364354424832,1278476364354424832,2020-07-01 19:51:32 EDT,2020-07-01,19:51:32,-0500,2722372381,apkmirror,APK Mirror,,"New APK: Microsoft Word: Write, Edit &amp; Share Docs on the Go 16.0.13029.20006 beta by Microsoft Corporation  https://t.co/AixLTFFB15",en,[],['https://www.apkmirror.com/apk/microsoft-corporation/word/word-16-0-13029-20006-release/'],[],0,0,0,[],[],https://twitter.com/APKMirror/status/1278476364354424832,False,,0,,,,,,,,[],,,,
1278476347472412672,1278476347472412672,2020-07-01 19:51:28 EDT,2020-07-01,19:51:28,-0500,1180714916312780805,wkzdrto1zkyep0n,ã•ã ã¾ã•ã—,,edgeãŒå‹æ‰‹ã«ã‚¤ãƒ³ã‚¹ãƒˆãƒ¼ãƒ«ã•ã‚Œã¦ã‚¤ãƒ©ã‚¤ãƒ©MAX ã‚¢ãƒ›è­¦å¯Ÿç„¡é™ã‚¢ãƒ©ãƒ¼ãƒˆã‚µã‚¤ãƒˆã®URLè²¼ã£ãŸã ã‘ã®å°ç‰©æ•ã¾ãˆã‚‹ã‚ˆã‚ŠMicrosoftæ•ã¾ãˆã‚ã‚ˆç¨é‡‘æ³¥æ£’,ja,[],[],[],1,0,0,[],[],https://twitter.com/WkzdrTo1ZkyEp0N/status/1278476347472412672,False,,0,,,,,,,,[],,,,
1278476324206772228,1278475130864205824,2020-07-01 19:51:23 EDT,2020-07-01,19:51:23,-0500,158759728,tracker_td,Tracker,,"@mrfeelswildride some of these aren't even Xbox, just SEGA but had one exclusive Xbox game  we're not quite in the the timeline where Microsoft bought SEGA just yet",en,[],[],[],0,0,4,[],[],https://twitter.com/Tracker_TD/status/1278476324206772228,False,,0,,,,,,,,"[{'screen_name': 'mrfeelswildride', 'name': 'Poblano Con Queso Taco Gamer', 'id': '2777258905'}]",,,,
1278476248822345728,1278476248822345728,2020-07-01 19:51:05 EDT,2020-07-01,19:51:05,-0500,169733501,profulsadangi,Proful Sadangi,,Switching from Mac to Windows. What you missed most?  - iTerm2 - brew  I simply hate PowerShell &amp; command prompt. It looks plain ugly.  Trying out chocolately. Not able to install in the first go. But later figured it out.  Did anyone try winget? package manager from Microsoft,en,[],[],[],4,0,5,[],[],https://twitter.com/profulsadangi/status/1278476248822345728,False,,0,,,,,,,,[],,,,
1278476240337489920,1278476240337489920,2020-07-01 19:51:03 EDT,2020-07-01,19:51:03,-0500,798153935534039040,yerwood_center,Yerwood,,"#Microsoft Summer Game Fest Demo Announced, Features Over 60 #Demos for #New, Unreleased #Xbox #Games #YerwoodCenter",en,[],[],[],0,0,0,"['microsoft', 'demos', 'new', 'xbox', 'games', 'yerwoodcenter']",[],https://twitter.com/yerwood_center/status/1278476240337489920,False,,0,,,,,,,,[],,,,
1278476237254676480,1278476237254676480,2020-07-01 19:51:02 EDT,2020-07-01,19:51:02,-0500,798153935534039040,yerwood_center,Yerwood,,#Microsoft Details New Wave of Titles Coming to PC and Console Versions of Xbox Game Pass #YerwoodCenter #updates,en,[],[],[],0,0,0,"['microsoft', 'yerwoodcenter', 'updates']",[],https://twitter.com/yerwood_center/status/1278476237254676480,False,,0,,,,,,,,[],,,,
1278476199463968768,1278475306949652481,2020-07-01 19:50:53 EDT,2020-07-01,19:50:53,-0500,1064348077371400192,imdagiantrat,ratmoder,,@Win98Tech Xbox games as in OG Xbox (thanks Microsoft for fucking up the naming),en,[],[],[],0,0,5,[],[],https://twitter.com/ImDaGiantRat/status/1278476199463968768,False,,0,,,,,,,,"[{'screen_name': 'Win98Tech', 'name': 'Windows98 Tech Support', 'id': '573681593'}]",,,,
1278476181625430016,1278476181625430016,2020-07-01 19:50:49 EDT,2020-07-01,19:50:49,-0500,1003571524681412609,sacchanzhezi,ã•ã£ã¡ã‚ƒã‚“,,å‡ºå‹¤ã—ã¦ãƒ‘ã‚½ã‚³ãƒ³èµ·å‹•ã—ãŸã‚‰ã€å‹æ‰‹ã«å†èµ·å‹•ã«ãªã£ã¦ã€ã—ã‹ã‚‚ã€Œå†èµ·å‹•ã—ã¦ã¾ã™ã€ç”»é¢ã®ã¾ã¾ãƒ•ãƒªãƒ¼ã‚ºã§ã€ã‚„ã£ã¨è½ã¡ãŸã‚‰ã€æ›´æ–°ãŒå§‹ã¾ã£ã¦ã€ã‚„ã£ã¨èµ·å‹•ã—ãŸã¨æ€ã£ãŸã‚‰ã€Microsoft EDGEã¨ã‹ã„ã†è¨³ã‚ã‹ã‚‰ã‚“æ¸¦å·»ãƒã‚¤ã‚³ãƒ³ãŒå‡ºç¾ã—ã¦ã¦ã€ãã—ãŸã‚‰å…¨ç”»é¢è¡¨ç¤ºã§ã€Œæ–°ã—ã„Microsoft EDGEã«å‡ºä¼šã†ã€ã£ã¦ä½•ã‚„ã­ã‚“,ja,[],[],[],2,1,2,[],[],https://twitter.com/sacchanzhezi/status/1278476181625430016,False,,0,,,,,,,,[],,,,
1278476159215263744,1278476159215263744,2020-07-01 19:50:43 EDT,2020-07-01,19:50:43,-0500,58115428,yudukinium,æ¹¯æœˆã†ã©ã‚“,,Microsoftå…¬å¼ã®å‰Šé™¤ãƒ•ã‚¡ã‚¤ãƒ«å¾©æ—§ãƒ„ãƒ¼ãƒ«ã€ŒWindows File Recoveryã€ã€ãƒ¬ãƒ“ãƒ¥ãƒ¼ã€‘ - çª“ã®æœ  https://t.co/wqsnhhjTQo,ja,[],['https://forest.watch.impress.co.jp/docs/review/1261983.html'],[],0,0,0,[],[],https://twitter.com/Yudukinium/status/1278476159215263744,False,,0,,,,,,,,[],,,,
1278476029279924225,1278476029279924225,2020-07-01 19:50:12 EDT,2020-07-01,19:50:12,-0500,4536779895,areaeditorial,Ãrea Editorial,,"â­ï¸ Google Meet, Zoom o Microsoft Teams: Â¿CuÃ¡l es la mejor aplicaciÃ³n para videollamadas?  https://t.co/pKCqvqA7VB",es,[],['https://tecnovedosos.com/aplicaciones-hacer-videollamadas/'],[],0,0,0,[],[],https://twitter.com/AreaEditorial/status/1278476029279924225,False,,0,,,,,,,,[],,,,
1278476000611962886,1278476000611962886,2020-07-01 19:50:06 EDT,2020-07-01,19:50:06,-0500,109082290,ncsventures,National Cyber Security,,"#microsoft | #microsoftsecurity | This Microsoft Office exploit was patched years ago, but is still being abused byÂ hackers  https://t.co/jkmahh57Vi",en,[],['https://nationalcybersecuritynews.today/microsoft-microsoftsecurity-this-microsoft-office-exploit-was-patched-years-ago-but-is-still-being-abused-by-hackers/'],[],0,0,0,"['microsoft', 'microsoftsecurity']",[],https://twitter.com/NcsVentures/status/1278476000611962886,False,,0,,,,,,,,[],,,,
